rule_id,rule_type,feature,scope,scope_value,metric,severity,text
0339f107,Conflict,aesthetics,Global,Global,Attention vs Persuasion,medium,Aesthetics creates a trade-off: Attention +1.7pp but Persuasion -1.9pp. Check CTA/tone pairing.
7e176c36,Conflict,occasions,Global,Global,Attention vs Persuasion,medium,Occasions creates a trade-off: Attention +2.2pp but Persuasion -0.1pp. Check CTA/tone pairing.
2aff204f,Conflict,seasonal,Global,Global,Attention vs Persuasion,medium,Seasonal creates a trade-off: Attention +2.1pp but Persuasion -0.8pp. Check CTA/tone pairing.
3402ac00,Heterogeneity,food_presence,OU,INSWA,SCD_score,high,"Food is +4.1pp globally on SCD Score, but -6.3pp in OU=INSWA. Reversal — drill into OU split before briefing."
0f225380,Heterogeneity,product_presence,OU,INSWA,Attention_T2B,medium,"Product is +1.0pp globally on Attention, but -1.5pp in OU=INSWA. Reversal — drill into OU split before briefing."
e883835f,Heterogeneity,product_presence,OU,JSK,Attention_T2B,medium,"Product is +1.0pp globally on Attention, but -2.9pp in OU=JSK. Reversal — drill into OU split before briefing."
bb4c013e,Heterogeneity,product_presence,OU,JSK,Persuasion_T2B,medium,"Product is +2.0pp globally on Persuasion, but -1.6pp in OU=JSK. Reversal — drill into OU split before briefing."
34ddfa31,Heterogeneity,product_presence,OU,JSK,Likeability_Love_Like_T2B,medium,"Product is +1.9pp globally on Likeability, but -2.1pp in OU=JSK. Reversal — drill into OU split before briefing."
cc0750d6,Heterogeneity,product_presence,OU,NAOU,SCD_score,high,"Product is +2.4pp globally on SCD Score, but -4.7pp in OU=NAOU. Reversal — drill into OU split before briefing."
015f77df,Heterogeneity,product_presence,OU,INSWA,SCD_score,medium,"Product is +2.4pp globally on SCD Score, but -2.1pp in OU=INSWA. Reversal — drill into OU split before briefing."
8211d151,Heterogeneity,animatics_cartoons_presence,OU,LATAM,Attention_T2B,medium,"Animatics Cartoons is -5.1pp globally on Attention, but +2.7pp in OU=LATAM. Reversal — drill into OU split before briefing."
45469e15,Heterogeneity,animatics_cartoons_presence,OU,LATAM,Likeability_Love_Like_T2B,high,"Animatics Cartoons is -3.3pp globally on Likeability, but +5.9pp in OU=LATAM. Reversal — drill into OU split before briefing."
19a69b06,Heterogeneity,animatics_cartoons_presence,OU,LATAM,SCD_score,high,"Animatics Cartoons is -1.4pp globally on SCD Score, but +4.4pp in OU=LATAM. Reversal — drill into OU split before briefing."
5ec8b13d,Heterogeneity,color_spectrum,OU,INSWA,Persuasion_T2B,medium,"Color Spectrum is +2.8pp globally on Persuasion, but -1.6pp in OU=INSWA. Reversal — drill into OU split before briefing."
e5aee65c,Heterogeneity,color_spectrum,OU,INSWA,Likeability_Love_Like_T2B,high,"Color Spectrum is +3.8pp globally on Likeability, but -6.1pp in OU=INSWA. Reversal — drill into OU split before briefing."
197ae96b,Heterogeneity,products,OU,NAOU,SCD_score,high,"Products is +3.2pp globally on SCD Score, but -3.3pp in OU=NAOU. Reversal — drill into OU split before briefing."
87337e37,Heterogeneity,products,OU,INSWA,SCD_score,medium,"Products is +3.2pp globally on SCD Score, but -2.1pp in OU=INSWA. Reversal — drill into OU split before briefing."
96f35877,Heterogeneity,passion_point,OU,INSWA,SCD_score,medium,"Passion Point is +2.3pp globally on SCD Score, but -2.6pp in OU=INSWA. Reversal — drill into OU split before briefing."
42e084c1,Heterogeneity,intrinsic_elements,OU,INSWA,Attention_T2B,medium,"Intrinsic Elements is +2.1pp globally on Attention, but -2.3pp in OU=INSWA. Reversal — drill into OU split before briefing."
8673366f,Heterogeneity,intrinsic_elements,OU,INSWA,Likeability_Love_Like_T2B,high,"Intrinsic Elements is +3.1pp globally on Likeability, but -3.1pp in OU=INSWA. Reversal — drill into OU split before briefing."
d70a8d1e,Heterogeneity,intrinsic_elements,OU,GCM,SCD_score,medium,"Intrinsic Elements is +2.3pp globally on SCD Score, but -2.1pp in OU=GCM. Reversal — drill into OU split before briefing."
352859f5,Heterogeneity,intrinsic_elements,OU,INSWA,SCD_score,high,"Intrinsic Elements is +2.3pp globally on SCD Score, but -7.0pp in OU=INSWA. Reversal — drill into OU split before briefing."
a4537879,Heterogeneity,intrinsic_elements,OU,EME,SCD_score,high,"Intrinsic Elements is +2.3pp globally on SCD Score, but -3.3pp in OU=EME. Reversal — drill into OU split before briefing."
8bef40f8,Heterogeneity,food,OU,INSWA,Attention_T2B,medium,"Food is +1.8pp globally on Attention, but -2.0pp in OU=INSWA. Reversal — drill into OU split before briefing."
647d8a43,Heterogeneity,food,OU,INSWA,SCD_score,high,"Food is +4.8pp globally on SCD Score, but -16.2pp in OU=INSWA. Reversal — drill into OU split before briefing."
98046bad,Heterogeneity,seasonal,OU,EME,Attention_T2B,high,"Seasonal is +2.1pp globally on Attention, but -6.2pp in OU=EME. Reversal — drill into OU split before briefing."
90f1c339,Heterogeneity,seasonal,OU,EME,Likeability_Love_Like_T2B,high,"Seasonal is +2.8pp globally on Likeability, but -3.9pp in OU=EME. Reversal — drill into OU split before briefing."
5f9f8d21,Heterogeneity,seasonal,OU,EME,SCD_score,high,"Seasonal is +8.6pp globally on SCD Score, but -11.3pp in OU=EME. Reversal — drill into OU split before briefing."
810d72fa,Heterogeneity,additional_elements_and_product_placement,OU,AOU,SCD_score,high,"Additional Elements is -1.7pp globally on SCD Score, but +4.0pp in OU=AOU. Reversal — drill into OU split before briefing."
deeccefc,Heterogeneity,additional_elements_and_product_placement,OU,EME,SCD_score,high,"Additional Elements is -1.7pp globally on SCD Score, but +6.5pp in OU=EME. Reversal — drill into OU split before briefing."
2d6953c6,Heterogeneity,emotions,OU,EOU,SCD_score,medium,"Emotions is +1.9pp globally on SCD Score, but -2.0pp in OU=EOU. Reversal — drill into OU split before briefing."
315f3408,Heterogeneity,emotions,OU,AOU,SCD_score,high,"Emotions is +1.9pp globally on SCD Score, but -8.2pp in OU=AOU. Reversal — drill into OU split before briefing."
7b01ce42,Heterogeneity,emotions,OU,EME,SCD_score,medium,"Emotions is +1.9pp globally on SCD Score, but -2.8pp in OU=EME. Reversal — drill into OU split before briefing."
65c65949,Heterogeneity,music_style,OU,EME,SCD_score,high,"Music Style is +3.9pp globally on SCD Score, but -5.6pp in OU=EME. Reversal — drill into OU split before briefing."
409e94d0,Heterogeneity,moments,OU,EOU,Persuasion_T2B,medium,"Moments is -1.1pp globally on Persuasion, but +1.7pp in OU=EOU. Reversal — drill into OU split before briefing."
7e560423,Heterogeneity,moments,OU,ASP,SCD_score,high,"Moments is +2.2pp globally on SCD Score, but -17.4pp in OU=ASP. Reversal — drill into OU split before briefing."
b587fb94,Heterogeneity,call_to_action,OU,EOU,SCD_score,medium,"Call To Action is -3.1pp globally on SCD Score, but +2.8pp in OU=EOU. Reversal — drill into OU split before briefing."
3654df3e,Heterogeneity,human_presence,Category,RTD Tea / Iced Tea,Attention_T2B,high,"Human is +1.2pp globally on Attention, but -3.4pp in Category=RTD Tea / Iced Tea. Reversal — drill into Category split before briefing."
ad705843,Heterogeneity,human_presence,Category,Alcoholic RTD,Attention_T2B,high,"Human is +1.2pp globally on Attention, but -8.5pp in Category=Alcoholic RTD. Reversal — drill into Category split before briefing."
8086c7a1,Heterogeneity,human_presence,Category,Water,Persuasion_T2B,medium,"Human is +1.4pp globally on Persuasion, but -1.7pp in Category=Water. Reversal — drill into Category split before briefing."
71c25444,Heterogeneity,human_presence,Category,RTD Tea / Iced Tea,Persuasion_T2B,medium,"Human is +1.4pp globally on Persuasion, but -2.9pp in Category=RTD Tea / Iced Tea. Reversal — drill into Category split before briefing."
1cba3ed6,Heterogeneity,human_presence,Category,Alcoholic RTD,Persuasion_T2B,high,"Human is +1.4pp globally on Persuasion, but -7.6pp in Category=Alcoholic RTD. Reversal — drill into Category split before briefing."
c12869d0,Heterogeneity,human_presence,Category,Alcoholic RTD,Likeability_Love_Like_T2B,high,"Human is +2.2pp globally on Likeability, but -7.9pp in Category=Alcoholic RTD. Reversal — drill into Category split before briefing."
7fae4392,Heterogeneity,food_presence,Category,Juice,SCD_score,medium,"Food is +4.1pp globally on SCD Score, but -2.5pp in Category=Juice. Reversal — drill into Category split before briefing."
67806893,Heterogeneity,product_presence,Category,RTD Tea / Iced Tea,Attention_T2B,high,"Product is +1.0pp globally on Attention, but -3.3pp in Category=RTD Tea / Iced Tea. Reversal — drill into Category split before briefing."
e1aaf1b6,Heterogeneity,product_presence,Category,RTD Tea / Iced Tea,Likeability_Love_Like_T2B,medium,"Product is +1.9pp globally on Likeability, but -2.9pp in Category=RTD Tea / Iced Tea. Reversal — drill into Category split before briefing."
10417f48,Heterogeneity,product_presence,Category,Sports Drink / Advanced hydration,SCD_score,medium,"Product is +2.4pp globally on SCD Score, but -1.8pp in Category=Sports Drink / Advanced hydration. Reversal — drill into Category split before briefing."
61789632,Heterogeneity,product_presence,Category,RTD Tea / Iced Tea,SCD_score,high,"Product is +2.4pp globally on SCD Score, but -3.3pp in Category=RTD Tea / Iced Tea. Reversal — drill into Category split before briefing."
83d81a60,Heterogeneity,animatics_cartoons_presence,Category,SSD-Regular,Attention_T2B,high,"Animatics Cartoons is -5.1pp globally on Attention, but +6.7pp in Category=SSD-Regular. Reversal — drill into Category split before briefing."
7b06b8ce,Heterogeneity,animatics_cartoons_presence,Category,SSD-Diet,Attention_T2B,high,"Animatics Cartoons is -5.1pp globally on Attention, but +5.9pp in Category=SSD-Diet. Reversal — drill into Category split before briefing."
0035da17,Heterogeneity,animatics_cartoons_presence,Category,SSD-Regular,Persuasion_T2B,high,"Animatics Cartoons is -4.4pp globally on Persuasion, but +6.1pp in Category=SSD-Regular. Reversal — drill into Category split before briefing."
2b56a6c0,Heterogeneity,animatics_cartoons_presence,Category,SSD-Diet,Persuasion_T2B,high,"Animatics Cartoons is -4.4pp globally on Persuasion, but +5.2pp in Category=SSD-Diet. Reversal — drill into Category split before briefing."
b6f6dadf,Heterogeneity,animatics_cartoons_presence,Category,SSD-Regular,Likeability_Love_Like_T2B,high,"Animatics Cartoons is -3.3pp globally on Likeability, but +8.3pp in Category=SSD-Regular. Reversal — drill into Category split before briefing."
bc29f8b0,Heterogeneity,animatics_cartoons_presence,Category,SSD-Diet,Likeability_Love_Like_T2B,high,"Animatics Cartoons is -3.3pp globally on Likeability, but +9.5pp in Category=SSD-Diet. Reversal — drill into Category split before briefing."
473fa8ff,Heterogeneity,animatics_cartoons_presence,Category,SSD-Regular,SCD_score,high,"Animatics Cartoons is -1.4pp globally on SCD Score, but +5.6pp in Category=SSD-Regular. Reversal — drill into Category split before briefing."
4cddd8e7,Heterogeneity,animals_and_pets_presence,Category,Water,Persuasion_T2B,medium,"Animals And Pets is +1.4pp globally on Persuasion, but -2.7pp in Category=Water. Reversal — drill into Category split before briefing."
2f68e78a,Heterogeneity,animals_and_pets_presence,Category,Water,SCD_score,medium,"Animals And Pets is +8.7pp globally on SCD Score, but -2.1pp in Category=Water. Reversal — drill into Category split before briefing."
5be4d55a,Heterogeneity,indoors,Category,Water,SCD_score,high,"Indoors is +2.6pp globally on SCD Score, but -5.5pp in Category=Water. Reversal — drill into Category split before briefing."
bd5ba4f6,Heterogeneity,indoors,Category,Juice,SCD_score,medium,"Indoors is +2.6pp globally on SCD Score, but -1.8pp in Category=Juice. Reversal — drill into Category split before briefing."
bedcb27f,Heterogeneity,outdoors,Category,Water,Attention_T2B,high,"Outdoors is +3.3pp globally on Attention, but -3.6pp in Category=Water. Reversal — drill into Category split before briefing."
b24176a9,Heterogeneity,outdoors,Category,Water,Persuasion_T2B,high,"Outdoors is +1.8pp globally on Persuasion, but -6.4pp in Category=Water. Reversal — drill into Category split before briefing."
7fe734ec,Heterogeneity,outdoors,Category,Water,Likeability_Love_Like_T2B,high,"Outdoors is +4.2pp globally on Likeability, but -3.3pp in Category=Water. Reversal — drill into Category split before briefing."
86b9cbb3,Heterogeneity,outdoors,Category,Juice,SCD_score,high,"Outdoors is +7.1pp globally on SCD Score, but -4.4pp in Category=Juice. Reversal — drill into Category split before briefing."
5374a7a5,Heterogeneity,tone,Category,Alcoholic RTD,Attention_T2B,high,"Tone is +2.9pp globally on Attention, but -13.7pp in Category=Alcoholic RTD. Reversal — drill into Category split before briefing."
69cb6bc2,Heterogeneity,tone,Category,Water,Persuasion_T2B,high,"Tone is +1.9pp globally on Persuasion, but -3.8pp in Category=Water. Reversal — drill into Category split before briefing."
31addc47,Heterogeneity,tone,Category,Alcoholic RTD,Persuasion_T2B,high,"Tone is +1.9pp globally on Persuasion, but -14.3pp in Category=Alcoholic RTD. Reversal — drill into Category split before briefing."
141bc696,Heterogeneity,tone,Category,Water,Likeability_Love_Like_T2B,medium,"Tone is +3.3pp globally on Likeability, but -1.8pp in Category=Water. Reversal — drill into Category split before briefing."
ab3cd3b5,Heterogeneity,tone,Category,Alcoholic RTD,Likeability_Love_Like_T2B,high,"Tone is +3.3pp globally on Likeability, but -17.6pp in Category=Alcoholic RTD. Reversal — drill into Category split before briefing."
53c001ce,Heterogeneity,products,Category,Water,Persuasion_T2B,medium,"Products is +2.0pp globally on Persuasion, but -1.9pp in Category=Water. Reversal — drill into Category split before briefing."
c051348c,Heterogeneity,products,Category,RTD Tea / Iced Tea,Persuasion_T2B,high,"Products is +2.0pp globally on Persuasion, but -4.5pp in Category=RTD Tea / Iced Tea. Reversal — drill into Category split before briefing."
368b7a7b,Heterogeneity,products,Category,RTD Tea / Iced Tea,Likeability_Love_Like_T2B,high,"Products is +1.6pp globally on Likeability, but -6.1pp in Category=RTD Tea / Iced Tea. Reversal — drill into Category split before briefing."
c7f2e7b2,Heterogeneity,products,Category,Water,SCD_score,high,"Products is +3.2pp globally on SCD Score, but -3.6pp in Category=Water. Reversal — drill into Category split before briefing."
7b2b386e,Heterogeneity,products,Category,Sports Drink / Advanced hydration,SCD_score,high,"Products is +3.2pp globally on SCD Score, but -7.6pp in Category=Sports Drink / Advanced hydration. Reversal — drill into Category split before briefing."
60a02963,Heterogeneity,products,Category,Juice,SCD_score,high,"Products is +3.2pp globally on SCD Score, but -3.8pp in Category=Juice. Reversal — drill into Category split before briefing."
f1acb55f,Heterogeneity,occasions,Category,RTD Tea / Iced Tea,Attention_T2B,high,"Occasions is +2.2pp globally on Attention, but -4.2pp in Category=RTD Tea / Iced Tea. Reversal — drill into Category split before briefing."
fd3e625d,Heterogeneity,occasions,Category,RTD Tea / Iced Tea,Likeability_Love_Like_T2B,medium,"Occasions is +3.5pp globally on Likeability, but -2.8pp in Category=RTD Tea / Iced Tea. Reversal — drill into Category split before briefing."
a837cf53,Heterogeneity,occasions,Category,Juice,SCD_score,high,"Occasions is +10.8pp globally on SCD Score, but -8.3pp in Category=Juice. Reversal — drill into Category split before briefing."
48018dca,Heterogeneity,passion_point,Category,RTD Tea / Iced Tea,Attention_T2B,high,"Passion Point is +3.0pp globally on Attention, but -3.5pp in Category=RTD Tea / Iced Tea. Reversal — drill into Category split before briefing."
ada6232d,Heterogeneity,passion_point,Category,SSD-Diet,Persuasion_T2B,medium,"Passion Point is +2.7pp globally on Persuasion, but -2.6pp in Category=SSD-Diet. Reversal — drill into Category split before briefing."
6bd1219d,Heterogeneity,passion_point,Category,RTD Tea / Iced Tea,Persuasion_T2B,medium,"Passion Point is +2.7pp globally on Persuasion, but -2.8pp in Category=RTD Tea / Iced Tea. Reversal — drill into Category split before briefing."
b792e0ac,Heterogeneity,passion_point,Category,RTD Tea / Iced Tea,Likeability_Love_Like_T2B,medium,"Passion Point is +3.4pp globally on Likeability, but -2.9pp in Category=RTD Tea / Iced Tea. Reversal — drill into Category split before briefing."
6014ffe9,Heterogeneity,intrinsic_elements,Category,Alcoholic RTD,Attention_T2B,high,"Intrinsic Elements is +2.1pp globally on Attention, but -7.5pp in Category=Alcoholic RTD. Reversal — drill into Category split before briefing."
6829d51a,Heterogeneity,intrinsic_elements,Category,Alcoholic RTD,Persuasion_T2B,high,"Intrinsic Elements is +3.2pp globally on Persuasion, but -6.6pp in Category=Alcoholic RTD. Reversal — drill into Category split before briefing."
0a832d4d,Heterogeneity,intrinsic_elements,Category,Alcoholic RTD,Likeability_Love_Like_T2B,high,"Intrinsic Elements is +3.1pp globally on Likeability, but -10.6pp in Category=Alcoholic RTD. Reversal — drill into Category split before briefing."
cc8ae28e,Heterogeneity,intrinsic_elements,Category,RTD Tea / Iced Tea,SCD_score,medium,"Intrinsic Elements is +2.3pp globally on SCD Score, but -2.8pp in Category=RTD Tea / Iced Tea. Reversal — drill into Category split before briefing."
00d7482e,Heterogeneity,seasonal,Category,SSD-Diet,Attention_T2B,medium,"Seasonal is +2.1pp globally on Attention, but -2.9pp in Category=SSD-Diet. Reversal — drill into Category split before briefing."
dd1ecacc,Heterogeneity,emotions,Category,SSD-Diet,SCD_score,medium,"Emotions is +1.9pp globally on SCD Score, but -1.6pp in Category=SSD-Diet. Reversal — drill into Category split before briefing."
ab07cbb5,Heterogeneity,human_presence,Brand,Fuze Tea,Attention_T2B,medium,"Human is +1.2pp globally on Attention, but -1.8pp in Brand=Fuze Tea. Reversal — drill into Brand split before briefing."
bd52c31b,Heterogeneity,human_presence,Brand,Pepsi Max / Black,Attention_T2B,medium,"Human is +1.2pp globally on Attention, but -1.6pp in Brand=Pepsi Max / Black. Reversal — drill into Brand split before briefing."
11ae7231,Heterogeneity,human_presence,Brand,Del Valle,Persuasion_T2B,medium,"Human is +1.4pp globally on Persuasion, but -1.6pp in Brand=Del Valle. Reversal — drill into Brand split before briefing."
17a11d13,Heterogeneity,human_presence,Brand,Fuze Tea,Persuasion_T2B,high,"Human is +1.4pp globally on Persuasion, but -3.2pp in Brand=Fuze Tea. Reversal — drill into Brand split before briefing."
0b44ec11,Heterogeneity,food_presence,Brand,Del Valle,Attention_T2B,high,"Food is +2.3pp globally on Attention, but -4.7pp in Brand=Del Valle. Reversal — drill into Brand split before briefing."
87887704,Heterogeneity,food_presence,Brand,Thums Up,Attention_T2B,medium,"Food is +2.3pp globally on Attention, but -2.0pp in Brand=Thums Up. Reversal — drill into Brand split before briefing."
7ed0ecb2,Heterogeneity,food_presence,Brand,Sprite,Persuasion_T2B,medium,"Food is +3.8pp globally on Persuasion, but -1.7pp in Brand=Sprite. Reversal — drill into Brand split before briefing."
8677f15e,Heterogeneity,food_presence,Brand,Del Valle,Persuasion_T2B,medium,"Food is +3.8pp globally on Persuasion, but -2.5pp in Brand=Del Valle. Reversal — drill into Brand split before briefing."
dd2c4e18,Heterogeneity,food_presence,Brand,Del Valle,Likeability_Love_Like_T2B,high,"Food is +4.0pp globally on Likeability, but -5.8pp in Brand=Del Valle. Reversal — drill into Brand split before briefing."
2627c82e,Heterogeneity,food_presence,Brand,Schweppes,SCD_score,high,"Food is +4.1pp globally on SCD Score, but -3.6pp in Brand=Schweppes. Reversal — drill into Brand split before briefing."
19ad14b3,Heterogeneity,food_presence,Brand,Del Valle,SCD_score,high,"Food is +4.1pp globally on SCD Score, but -6.2pp in Brand=Del Valle. Reversal — drill into Brand split before briefing."
28bd44df,Heterogeneity,food_presence,Brand,Thums Up,SCD_score,high,"Food is +4.1pp globally on SCD Score, but -11.2pp in Brand=Thums Up. Reversal — drill into Brand split before briefing."
d4f50df1,Heterogeneity,product_presence,Brand,Del Valle,Likeability_Love_Like_T2B,medium,"Product is +1.9pp globally on Likeability, but -2.9pp in Brand=Del Valle. Reversal — drill into Brand split before briefing."
adf8cb30,Heterogeneity,product_presence,Brand,Del Valle,SCD_score,high,"Product is +2.4pp globally on SCD Score, but -7.5pp in Brand=Del Valle. Reversal — drill into Brand split before briefing."
ed1b79b2,Heterogeneity,product_presence,Brand,Fuze Tea,SCD_score,high,"Product is +2.4pp globally on SCD Score, but -5.0pp in Brand=Fuze Tea. Reversal — drill into Brand split before briefing."
67654776,Heterogeneity,animatics_cartoons_presence,Brand,Coca-Cola / Coca-Cola Classic,Attention_T2B,high,"Animatics Cartoons is -5.1pp globally on Attention, but +9.6pp in Brand=Coca-Cola / Coca-Cola Classic. Reversal — drill into Brand split before briefing."
56fec22e,Heterogeneity,animatics_cartoons_presence,Brand,Coca-Cola Zero / No Sugar,Attention_T2B,high,"Animatics Cartoons is -5.1pp globally on Attention, but +4.1pp in Brand=Coca-Cola Zero / No Sugar. Reversal — drill into Brand split before briefing."
ecb03f64,Heterogeneity,animatics_cartoons_presence,Brand,Fanta,Attention_T2B,high,"Animatics Cartoons is -5.1pp globally on Attention, but +5.0pp in Brand=Fanta. Reversal — drill into Brand split before briefing."
7aed368e,Heterogeneity,animatics_cartoons_presence,Brand,Coca-Cola / Coca-Cola Classic,Persuasion_T2B,high,"Animatics Cartoons is -4.4pp globally on Persuasion, but +9.9pp in Brand=Coca-Cola / Coca-Cola Classic. Reversal — drill into Brand split before briefing."
e0d7cb43,Heterogeneity,animatics_cartoons_presence,Brand,Coca-Cola Zero / No Sugar,Persuasion_T2B,high,"Animatics Cartoons is -4.4pp globally on Persuasion, but +3.9pp in Brand=Coca-Cola Zero / No Sugar. Reversal — drill into Brand split before briefing."
c674ed77,Heterogeneity,animatics_cartoons_presence,Brand,Fanta,Persuasion_T2B,high,"Animatics Cartoons is -4.4pp globally on Persuasion, but +5.4pp in Brand=Fanta. Reversal — drill into Brand split before briefing."
84042561,Heterogeneity,animatics_cartoons_presence,Brand,Coca-Cola / Coca-Cola Classic,Likeability_Love_Like_T2B,high,"Animatics Cartoons is -3.3pp globally on Likeability, but +11.1pp in Brand=Coca-Cola / Coca-Cola Classic. Reversal — drill into Brand split before briefing."
3eefc237,Heterogeneity,animatics_cartoons_presence,Brand,Coca-Cola Zero / No Sugar,Likeability_Love_Like_T2B,high,"Animatics Cartoons is -3.3pp globally on Likeability, but +7.5pp in Brand=Coca-Cola Zero / No Sugar. Reversal — drill into Brand split before briefing."
b59b9522,Heterogeneity,animatics_cartoons_presence,Brand,Fanta,Likeability_Love_Like_T2B,high,"Animatics Cartoons is -3.3pp globally on Likeability, but +4.8pp in Brand=Fanta. Reversal — drill into Brand split before briefing."
e53191cf,Heterogeneity,animatics_cartoons_presence,Brand,Coca-Cola / Coca-Cola Classic,SCD_score,high,"Animatics Cartoons is -1.4pp globally on SCD Score, but +6.1pp in Brand=Coca-Cola / Coca-Cola Classic. Reversal — drill into Brand split before briefing."
4cb4b108,Heterogeneity,animatics_cartoons_presence,Brand,Fanta,SCD_score,high,"Animatics Cartoons is -1.4pp globally on SCD Score, but +6.5pp in Brand=Fanta. Reversal — drill into Brand split before briefing."
44c9e393,Heterogeneity,animals_and_pets_presence,Brand,Sprite,Attention_T2B,high,"Animals And Pets is +3.9pp globally on Attention, but -6.4pp in Brand=Sprite. Reversal — drill into Brand split before briefing."
b978b11b,Heterogeneity,animals_and_pets_presence,Brand,Sprite,Persuasion_T2B,high,"Animals And Pets is +1.4pp globally on Persuasion, but -8.3pp in Brand=Sprite. Reversal — drill into Brand split before briefing."
e068f9aa,Heterogeneity,animals_and_pets_presence,Brand,Sprite,Likeability_Love_Like_T2B,high,"Animals And Pets is +5.8pp globally on Likeability, but -3.7pp in Brand=Sprite. Reversal — drill into Brand split before briefing."
39db9520,Heterogeneity,indoors,Brand,Coca-Cola Zero / No Sugar,Persuasion_T2B,medium,"Indoors is +3.2pp globally on Persuasion, but -1.5pp in Brand=Coca-Cola Zero / No Sugar. Reversal — drill into Brand split before briefing."
3efc1add,Heterogeneity,indoors,Brand,Sprite,SCD_score,medium,"Indoors is +2.6pp globally on SCD Score, but -1.6pp in Brand=Sprite. Reversal — drill into Brand split before briefing."
f9c87041,Heterogeneity,indoors,Brand,Thums Up,SCD_score,high,"Indoors is +2.6pp globally on SCD Score, but -6.7pp in Brand=Thums Up. Reversal — drill into Brand split before briefing."
d6acee5c,Heterogeneity,outdoors,Brand,Fuze Tea,Persuasion_T2B,high,"Outdoors is +1.8pp globally on Persuasion, but -3.6pp in Brand=Fuze Tea. Reversal — drill into Brand split before briefing."
24b1a0b1,Heterogeneity,color_spectrum,Brand,Sprite,Persuasion_T2B,medium,"Color Spectrum is +2.8pp globally on Persuasion, but -2.1pp in Brand=Sprite. Reversal — drill into Brand split before briefing."
beee5374,Heterogeneity,color_spectrum,Brand,Sprite,Likeability_Love_Like_T2B,medium,"Color Spectrum is +3.8pp globally on Likeability, but -2.5pp in Brand=Sprite. Reversal — drill into Brand split before briefing."
6ec4c812,Heterogeneity,color_spectrum,Brand,Fuze Tea,SCD_score,medium,"Color Spectrum is +8.9pp globally on SCD Score, but -1.9pp in Brand=Fuze Tea. Reversal — drill into Brand split before briefing."
c314a0ad,Heterogeneity,tone,Brand,Sprite,Attention_T2B,medium,"Tone is +2.9pp globally on Attention, but -3.0pp in Brand=Sprite. Reversal — drill into Brand split before briefing."
ee78ef47,Heterogeneity,tone,Brand,Thums Up,Attention_T2B,medium,"Tone is +2.9pp globally on Attention, but -2.3pp in Brand=Thums Up. Reversal — drill into Brand split before briefing."
d9dbc5d8,Heterogeneity,tone,Brand,Sprite,Persuasion_T2B,high,"Tone is +1.9pp globally on Persuasion, but -4.5pp in Brand=Sprite. Reversal — drill into Brand split before briefing."
21aa23f5,Heterogeneity,tone,Brand,Powerade,Persuasion_T2B,medium,"Tone is +1.9pp globally on Persuasion, but -2.1pp in Brand=Powerade. Reversal — drill into Brand split before briefing."
f08cd6ea,Heterogeneity,tone,Brand,Sprite,Likeability_Love_Like_T2B,high,"Tone is +3.3pp globally on Likeability, but -3.3pp in Brand=Sprite. Reversal — drill into Brand split before briefing."
47ef1695,Heterogeneity,tone,Brand,Powerade,Likeability_Love_Like_T2B,high,"Tone is +3.3pp globally on Likeability, but -3.0pp in Brand=Powerade. Reversal — drill into Brand split before briefing."
379aa782,Heterogeneity,products,Brand,Del Valle,Persuasion_T2B,high,"Products is +2.0pp globally on Persuasion, but -3.1pp in Brand=Del Valle. Reversal — drill into Brand split before briefing."
a01452d0,Heterogeneity,products,Brand,Coca-Cola Zero / No Sugar,Likeability_Love_Like_T2B,medium,"Products is +1.6pp globally on Likeability, but -1.7pp in Brand=Coca-Cola Zero / No Sugar. Reversal — drill into Brand split before briefing."
ff3c0093,Heterogeneity,products,Brand,Del Valle,Likeability_Love_Like_T2B,high,"Products is +1.6pp globally on Likeability, but -5.1pp in Brand=Del Valle. Reversal — drill into Brand split before briefing."
d717c605,Heterogeneity,products,Brand,Powerade,SCD_score,high,"Products is +3.2pp globally on SCD Score, but -8.3pp in Brand=Powerade. Reversal — drill into Brand split before briefing."
c7520d02,Heterogeneity,products,Brand,Del Valle,SCD_score,high,"Products is +3.2pp globally on SCD Score, but -10.8pp in Brand=Del Valle. Reversal — drill into Brand split before briefing."
07c291d0,Heterogeneity,occasions,Brand,Sprite,Attention_T2B,high,"Occasions is +2.2pp globally on Attention, but -4.0pp in Brand=Sprite. Reversal — drill into Brand split before briefing."
b7dd6ef1,Heterogeneity,occasions,Brand,Fanta,Attention_T2B,medium,"Occasions is +2.2pp globally on Attention, but -1.6pp in Brand=Fanta. Reversal — drill into Brand split before briefing."
c7481c8b,Heterogeneity,occasions,Brand,Schweppes,Attention_T2B,medium,"Occasions is +2.2pp globally on Attention, but -2.1pp in Brand=Schweppes. Reversal — drill into Brand split before briefing."
9dae2b09,Heterogeneity,occasions,Brand,Del Valle,Attention_T2B,medium,"Occasions is +2.2pp globally on Attention, but -1.8pp in Brand=Del Valle. Reversal — drill into Brand split before briefing."
b3f125ec,Heterogeneity,occasions,Brand,Sprite,Likeability_Love_Like_T2B,high,"Occasions is +3.5pp globally on Likeability, but -6.3pp in Brand=Sprite. Reversal — drill into Brand split before briefing."
8101ca25,Heterogeneity,occasions,Brand,Fanta,Likeability_Love_Like_T2B,medium,"Occasions is +3.5pp globally on Likeability, but -1.6pp in Brand=Fanta. Reversal — drill into Brand split before briefing."
31f72ddc,Heterogeneity,occasions,Brand,Sprite,SCD_score,high,"Occasions is +10.8pp globally on SCD Score, but -3.9pp in Brand=Sprite. Reversal — drill into Brand split before briefing."
3966b52e,Heterogeneity,occasions,Brand,Fanta,SCD_score,high,"Occasions is +10.8pp globally on SCD Score, but -3.7pp in Brand=Fanta. Reversal — drill into Brand split before briefing."
2d08c8b0,Heterogeneity,occasions,Brand,Del Valle,SCD_score,high,"Occasions is +10.8pp globally on SCD Score, but -6.2pp in Brand=Del Valle. Reversal — drill into Brand split before briefing."
4f201b27,Heterogeneity,passion_point,Brand,Coca-Cola Zero / No Sugar,Persuasion_T2B,high,"Passion Point is +2.7pp globally on Persuasion, but -3.4pp in Brand=Coca-Cola Zero / No Sugar. Reversal — drill into Brand split before briefing."
562e3d5a,Heterogeneity,passion_point,Brand,Sprite,Likeability_Love_Like_T2B,medium,"Passion Point is +3.4pp globally on Likeability, but -1.8pp in Brand=Sprite. Reversal — drill into Brand split before briefing."
42a373f6,Heterogeneity,passion_point,Brand,Thums Up,SCD_score,high,"Passion Point is +2.3pp globally on SCD Score, but -9.5pp in Brand=Thums Up. Reversal — drill into Brand split before briefing."
162528aa,Heterogeneity,intrinsic_elements,Brand,Del Valle,Attention_T2B,medium,"Intrinsic Elements is +2.1pp globally on Attention, but -2.4pp in Brand=Del Valle. Reversal — drill into Brand split before briefing."
12822e99,Heterogeneity,intrinsic_elements,Brand,Pepsi Max / Black,Attention_T2B,medium,"Intrinsic Elements is +2.1pp globally on Attention, but -1.6pp in Brand=Pepsi Max / Black. Reversal — drill into Brand split before briefing."
a366f2d2,Heterogeneity,intrinsic_elements,Brand,Del Valle,Likeability_Love_Like_T2B,high,"Intrinsic Elements is +3.1pp globally on Likeability, but -4.6pp in Brand=Del Valle. Reversal — drill into Brand split before briefing."
6ae790f1,Heterogeneity,intrinsic_elements,Brand,Del Valle,SCD_score,high,"Intrinsic Elements is +2.3pp globally on SCD Score, but -6.1pp in Brand=Del Valle. Reversal — drill into Brand split before briefing."
0d092742,Heterogeneity,intrinsic_elements,Brand,Fuze Tea,SCD_score,high,"Intrinsic Elements is +2.3pp globally on SCD Score, but -4.0pp in Brand=Fuze Tea. Reversal — drill into Brand split before briefing."
6f39010f,Heterogeneity,food,Brand,Thums Up,Attention_T2B,high,"Food is +1.8pp globally on Attention, but -3.5pp in Brand=Thums Up. Reversal — drill into Brand split before briefing."
03598339,Heterogeneity,food,Brand,Sprite,Persuasion_T2B,medium,"Food is +3.0pp globally on Persuasion, but -1.6pp in Brand=Sprite. Reversal — drill into Brand split before briefing."
0170cdc4,Heterogeneity,food,Brand,Del Valle,Persuasion_T2B,medium,"Food is +3.0pp globally on Persuasion, but -1.5pp in Brand=Del Valle. Reversal — drill into Brand split before briefing."
f4770dac,Heterogeneity,food,Brand,Sprite,SCD_score,medium,"Food is +4.8pp globally on SCD Score, but -2.6pp in Brand=Sprite. Reversal — drill into Brand split before briefing."
bbc7ce75,Heterogeneity,food,Brand,Thums Up,SCD_score,high,"Food is +4.8pp globally on SCD Score, but -23.3pp in Brand=Thums Up. Reversal — drill into Brand split before briefing."
819bf609,Heterogeneity,seasonal,Brand,Coca-Cola Zero / No Sugar,Attention_T2B,high,"Seasonal is +2.1pp globally on Attention, but -7.2pp in Brand=Coca-Cola Zero / No Sugar. Reversal — drill into Brand split before briefing."
c6e3158f,Heterogeneity,seasonal,Brand,Sprite,Attention_T2B,high,"Seasonal is +2.1pp globally on Attention, but -3.1pp in Brand=Sprite. Reversal — drill into Brand split before briefing."
a6e7de74,Heterogeneity,seasonal,Brand,Fanta,Attention_T2B,high,"Seasonal is +2.1pp globally on Attention, but -7.2pp in Brand=Fanta. Reversal — drill into Brand split before briefing."
e96956de,Heterogeneity,seasonal,Brand,Coca-Cola Zero / No Sugar,Likeability_Love_Like_T2B,high,"Seasonal is +2.8pp globally on Likeability, but -5.9pp in Brand=Coca-Cola Zero / No Sugar. Reversal — drill into Brand split before briefing."
6d7413b1,Heterogeneity,seasonal,Brand,Sprite,Likeability_Love_Like_T2B,high,"Seasonal is +2.8pp globally on Likeability, but -7.1pp in Brand=Sprite. Reversal — drill into Brand split before briefing."
d0d6486a,Heterogeneity,seasonal,Brand,Fanta,Likeability_Love_Like_T2B,high,"Seasonal is +2.8pp globally on Likeability, but -9.1pp in Brand=Fanta. Reversal — drill into Brand split before briefing."
21b42508,Heterogeneity,seasonal,Brand,Sprite,SCD_score,high,"Seasonal is +8.6pp globally on SCD Score, but -4.6pp in Brand=Sprite. Reversal — drill into Brand split before briefing."
34bd7e54,Heterogeneity,seasonal,Brand,Fanta,SCD_score,medium,"Seasonal is +8.6pp globally on SCD Score, but -2.9pp in Brand=Fanta. Reversal — drill into Brand split before briefing."
f769d86b,Heterogeneity,additional_elements_and_product_placement,Brand,Sprite,SCD_score,medium,"Additional Elements is -1.7pp globally on SCD Score, but +2.3pp in Brand=Sprite. Reversal — drill into Brand split before briefing."
85b96d59,Heterogeneity,emotions,Brand,Sprite,Attention_T2B,high,"Emotions is +2.6pp globally on Attention, but -3.6pp in Brand=Sprite. Reversal — drill into Brand split before briefing."
95640dec,Heterogeneity,emotions,Brand,Sprite,Persuasion_T2B,high,"Emotions is +3.2pp globally on Persuasion, but -6.3pp in Brand=Sprite. Reversal — drill into Brand split before briefing."
b6c0b318,Heterogeneity,emotions,Brand,Sprite,Likeability_Love_Like_T2B,high,"Emotions is +3.6pp globally on Likeability, but -8.4pp in Brand=Sprite. Reversal — drill into Brand split before briefing."
d990bbee,Heterogeneity,emotions,Brand,Coca-Cola / Coca-Cola Classic,SCD_score,medium,"Emotions is +1.9pp globally on SCD Score, but -1.9pp in Brand=Coca-Cola / Coca-Cola Classic. Reversal — drill into Brand split before briefing."
850de532,Heterogeneity,emotions,Brand,Sprite,SCD_score,high,"Emotions is +1.9pp globally on SCD Score, but -15.3pp in Brand=Sprite. Reversal — drill into Brand split before briefing."
5bc6e2e8,Heterogeneity,music_style,Brand,Fanta,Attention_T2B,medium,"Music Style is +3.8pp globally on Attention, but -2.2pp in Brand=Fanta. Reversal — drill into Brand split before briefing."
8c72aae6,Heterogeneity,music_style,Brand,Fanta,Persuasion_T2B,high,"Music Style is +1.2pp globally on Persuasion, but -4.1pp in Brand=Fanta. Reversal — drill into Brand split before briefing."
7af4c6ff,Heterogeneity,music_style,Brand,Fanta,Likeability_Love_Like_T2B,medium,"Music Style is +4.0pp globally on Likeability, but -2.9pp in Brand=Fanta. Reversal — drill into Brand split before briefing."
60957c13,Heterogeneity,music_style,Brand,Sprite,SCD_score,high,"Music Style is +3.9pp globally on SCD Score, but -5.4pp in Brand=Sprite. Reversal — drill into Brand split before briefing."
c151a605,Heterogeneity,music_style,Brand,Fanta,SCD_score,medium,"Music Style is +3.9pp globally on SCD Score, but -2.5pp in Brand=Fanta. Reversal — drill into Brand split before briefing."
0c6c16d4,Heterogeneity,moments,Brand,Coca-Cola / Coca-Cola Classic,SCD_score,medium,"Moments is +2.2pp globally on SCD Score, but -2.6pp in Brand=Coca-Cola / Coca-Cola Classic. Reversal — drill into Brand split before briefing."
bcc8443f,Heterogeneity,fashion_style,Brand,Coca-Cola / Coca-Cola Classic,SCD_score,high,"Fashion Style is +10.0pp globally on SCD Score, but -3.2pp in Brand=Coca-Cola / Coca-Cola Classic. Reversal — drill into Brand split before briefing."
69b511fd,Heterogeneity,human_presence,Market,Chile,Attention_T2B,medium,"Human is +1.2pp globally on Attention, but -1.5pp in Market=Chile. Reversal — drill into Market split before briefing."
ce973e3b,Heterogeneity,human_presence,Market,Chile,Persuasion_T2B,medium,"Human is +1.4pp globally on Persuasion, but -2.5pp in Market=Chile. Reversal — drill into Market split before briefing."
7b0e9c20,Heterogeneity,human_presence,Market,Ecuador,Likeability_Love_Like_T2B,medium,"Human is +2.2pp globally on Likeability, but -1.6pp in Market=Ecuador. Reversal — drill into Market split before briefing."
90b89387,Heterogeneity,human_presence,Market,Vietnam,Likeability_Love_Like_T2B,medium,"Human is +2.2pp globally on Likeability, but -2.8pp in Market=Vietnam. Reversal — drill into Market split before briefing."
ea0621de,Heterogeneity,food_presence,Market,Belgium,Attention_T2B,medium,"Food is +2.3pp globally on Attention, but -1.6pp in Market=Belgium. Reversal — drill into Market split before briefing."
d58a79f0,Heterogeneity,food_presence,Market,Chile,Attention_T2B,medium,"Food is +2.3pp globally on Attention, but -2.6pp in Market=Chile. Reversal — drill into Market split before briefing."
207252b8,Heterogeneity,food_presence,Market,Belgium,Likeability_Love_Like_T2B,medium,"Food is +4.0pp globally on Likeability, but -2.2pp in Market=Belgium. Reversal — drill into Market split before briefing."
1c0f461f,Heterogeneity,food_presence,Market,Australia,SCD_score,high,"Food is +4.1pp globally on SCD Score, but -9.8pp in Market=Australia. Reversal — drill into Market split before briefing."
c9de1f0c,Heterogeneity,food_presence,Market,Belgium,SCD_score,high,"Food is +4.1pp globally on SCD Score, but -8.8pp in Market=Belgium. Reversal — drill into Market split before briefing."
ed57c91a,Heterogeneity,food_presence,Market,Chile,SCD_score,high,"Food is +4.1pp globally on SCD Score, but -4.0pp in Market=Chile. Reversal — drill into Market split before briefing."
b426f339,Heterogeneity,food_presence,Market,Spain,SCD_score,high,"Food is +4.1pp globally on SCD Score, but -4.2pp in Market=Spain. Reversal — drill into Market split before briefing."
92628b79,Heterogeneity,food_presence,Market,Romania,SCD_score,high,"Food is +4.1pp globally on SCD Score, but -5.1pp in Market=Romania. Reversal — drill into Market split before briefing."
7d51a58b,Heterogeneity,product_presence,Market,United States,Attention_T2B,medium,"Product is +1.0pp globally on Attention, but -1.5pp in Market=United States. Reversal — drill into Market split before briefing."
62d5a972,Heterogeneity,product_presence,Market,Indonesia,Persuasion_T2B,medium,"Product is +2.0pp globally on Persuasion, but -1.6pp in Market=Indonesia. Reversal — drill into Market split before briefing."
3d6aa0bf,Heterogeneity,product_presence,Market,Ecuador,SCD_score,high,"Product is +2.4pp globally on SCD Score, but -6.2pp in Market=Ecuador. Reversal — drill into Market split before briefing."
d886a191,Heterogeneity,product_presence,Market,Indonesia,SCD_score,high,"Product is +2.4pp globally on SCD Score, but -9.1pp in Market=Indonesia. Reversal — drill into Market split before briefing."
4ee30153,Heterogeneity,product_presence,Market,Thailand,SCD_score,high,"Product is +2.4pp globally on SCD Score, but -4.2pp in Market=Thailand. Reversal — drill into Market split before briefing."
678a45c7,Heterogeneity,product_presence,Market,United States,SCD_score,high,"Product is +2.4pp globally on SCD Score, but -6.0pp in Market=United States. Reversal — drill into Market split before briefing."
7cbd9d2a,Heterogeneity,animals_and_pets_presence,Market,Brazil,Persuasion_T2B,medium,"Animals And Pets is +1.4pp globally on Persuasion, but -2.5pp in Market=Brazil. Reversal — drill into Market split before briefing."
e126339d,Heterogeneity,animals_and_pets_presence,Market,Argentina,SCD_score,high,"Animals And Pets is +8.7pp globally on SCD Score, but -3.4pp in Market=Argentina. Reversal — drill into Market split before briefing."
9b850b31,Heterogeneity,animals_and_pets_presence,Market,Brazil,SCD_score,high,"Animals And Pets is +8.7pp globally on SCD Score, but -7.9pp in Market=Brazil. Reversal — drill into Market split before briefing."
d3feb2d7,Heterogeneity,indoors,Market,Egypt,Attention_T2B,medium,"Indoors is +3.5pp globally on Attention, but -1.5pp in Market=Egypt. Reversal — drill into Market split before briefing."
01a25c2d,Heterogeneity,indoors,Market,Australia,Persuasion_T2B,medium,"Indoors is +3.2pp globally on Persuasion, but -1.6pp in Market=Australia. Reversal — drill into Market split before briefing."
9a9e1687,Heterogeneity,indoors,Market,Chile,Persuasion_T2B,medium,"Indoors is +3.2pp globally on Persuasion, but -2.3pp in Market=Chile. Reversal — drill into Market split before briefing."
cca76660,Heterogeneity,indoors,Market,Egypt,Persuasion_T2B,medium,"Indoors is +3.2pp globally on Persuasion, but -1.9pp in Market=Egypt. Reversal — drill into Market split before briefing."
1fc0326b,Heterogeneity,indoors,Market,Australia,SCD_score,high,"Indoors is +2.6pp globally on SCD Score, but -6.7pp in Market=Australia. Reversal — drill into Market split before briefing."
f9e1f8c7,Heterogeneity,indoors,Market,Chile,SCD_score,high,"Indoors is +2.6pp globally on SCD Score, but -4.0pp in Market=Chile. Reversal — drill into Market split before briefing."
c6955901,Heterogeneity,indoors,Market,Egypt,SCD_score,high,"Indoors is +2.6pp globally on SCD Score, but -3.1pp in Market=Egypt. Reversal — drill into Market split before briefing."
36ddf551,Heterogeneity,indoors,Market,Indonesia,SCD_score,high,"Indoors is +2.6pp globally on SCD Score, but -7.3pp in Market=Indonesia. Reversal — drill into Market split before briefing."
e615af32,Heterogeneity,outdoors,Market,Belgium,SCD_score,high,"Outdoors is +7.1pp globally on SCD Score, but -4.4pp in Market=Belgium. Reversal — drill into Market split before briefing."
ee89778a,Heterogeneity,outdoors,Market,Egypt,SCD_score,high,"Outdoors is +7.1pp globally on SCD Score, but -3.1pp in Market=Egypt. Reversal — drill into Market split before briefing."
dd587446,Heterogeneity,outdoors,Market,Italy,SCD_score,high,"Outdoors is +7.1pp globally on SCD Score, but -4.0pp in Market=Italy. Reversal — drill into Market split before briefing."
afea0b5c,Heterogeneity,outdoors,Market,South Korea,SCD_score,high,"Outdoors is +7.1pp globally on SCD Score, but -3.6pp in Market=South Korea. Reversal — drill into Market split before briefing."
4ea2dbf0,Heterogeneity,color_spectrum,Market,South Africa,Likeability_Love_Like_T2B,medium,"Color Spectrum is +3.8pp globally on Likeability, but -2.4pp in Market=South Africa. Reversal — drill into Market split before briefing."
ec626b12,Heterogeneity,color_spectrum,Market,Spain,SCD_score,high,"Color Spectrum is +8.9pp globally on SCD Score, but -8.3pp in Market=Spain. Reversal — drill into Market split before briefing."
a8bc2bba,Heterogeneity,color_spectrum,Market,South Africa,SCD_score,high,"Color Spectrum is +8.9pp globally on SCD Score, but -5.7pp in Market=South Africa. Reversal — drill into Market split before briefing."
3665b354,Heterogeneity,tone,Market,Canada,Persuasion_T2B,medium,"Tone is +1.9pp globally on Persuasion, but -1.6pp in Market=Canada. Reversal — drill into Market split before briefing."
c3c40df9,Heterogeneity,tone,Market,Ecuador,Persuasion_T2B,medium,"Tone is +1.9pp globally on Persuasion, but -1.7pp in Market=Ecuador. Reversal — drill into Market split before briefing."
7eded05b,Heterogeneity,tone,Market,Egypt,Persuasion_T2B,medium,"Tone is +1.9pp globally on Persuasion, but -1.8pp in Market=Egypt. Reversal — drill into Market split before briefing."
8872de2c,Heterogeneity,tone,Market,Norway,Persuasion_T2B,medium,"Tone is +1.9pp globally on Persuasion, but -1.7pp in Market=Norway. Reversal — drill into Market split before briefing."
7a8da544,Heterogeneity,tone,Market,Romania,Persuasion_T2B,medium,"Tone is +1.9pp globally on Persuasion, but -2.4pp in Market=Romania. Reversal — drill into Market split before briefing."
b1a3739b,Heterogeneity,tone,Market,Turkey,Persuasion_T2B,medium,"Tone is +1.9pp globally on Persuasion, but -1.8pp in Market=Turkey. Reversal — drill into Market split before briefing."
4fb06b6d,Heterogeneity,tone,Market,United States,Persuasion_T2B,medium,"Tone is +1.9pp globally on Persuasion, but -1.8pp in Market=United States. Reversal — drill into Market split before briefing."
90e6a168,Heterogeneity,tone,Market,Ecuador,Likeability_Love_Like_T2B,medium,"Tone is +3.3pp globally on Likeability, but -2.3pp in Market=Ecuador. Reversal — drill into Market split before briefing."
c027d632,Heterogeneity,tone,Market,Egypt,Likeability_Love_Like_T2B,medium,"Tone is +3.3pp globally on Likeability, but -1.6pp in Market=Egypt. Reversal — drill into Market split before briefing."
aa61afa5,Heterogeneity,products,Market,Chile,Persuasion_T2B,medium,"Products is +2.0pp globally on Persuasion, but -2.7pp in Market=Chile. Reversal — drill into Market split before briefing."
96b97ea2,Heterogeneity,products,Market,Indonesia,Persuasion_T2B,medium,"Products is +2.0pp globally on Persuasion, but -1.9pp in Market=Indonesia. Reversal — drill into Market split before briefing."
19c26af9,Heterogeneity,products,Market,Nigeria,Persuasion_T2B,medium,"Products is +2.0pp globally on Persuasion, but -2.1pp in Market=Nigeria. Reversal — drill into Market split before briefing."
19d7a599,Heterogeneity,products,Market,Vietnam,Likeability_Love_Like_T2B,medium,"Products is +1.6pp globally on Likeability, but -1.9pp in Market=Vietnam. Reversal — drill into Market split before briefing."
e2076aaf,Heterogeneity,products,Market,Chile,SCD_score,high,"Products is +3.2pp globally on SCD Score, but -7.1pp in Market=Chile. Reversal — drill into Market split before briefing."
b4e017c3,Heterogeneity,products,Market,Ecuador,SCD_score,high,"Products is +3.2pp globally on SCD Score, but -7.6pp in Market=Ecuador. Reversal — drill into Market split before briefing."
a92a89e3,Heterogeneity,products,Market,Indonesia,SCD_score,high,"Products is +3.2pp globally on SCD Score, but -7.0pp in Market=Indonesia. Reversal — drill into Market split before briefing."
66f8136b,Heterogeneity,products,Market,Nigeria,SCD_score,high,"Products is +3.2pp globally on SCD Score, but -4.0pp in Market=Nigeria. Reversal — drill into Market split before briefing."
a077a07f,Heterogeneity,products,Market,United States,SCD_score,high,"Products is +3.2pp globally on SCD Score, but -4.1pp in Market=United States. Reversal — drill into Market split before briefing."
5255300b,Heterogeneity,products,Market,Vietnam,SCD_score,high,"Products is +3.2pp globally on SCD Score, but -3.1pp in Market=Vietnam. Reversal — drill into Market split before briefing."
f8b3f4c1,Heterogeneity,passion_point,Market,Australia,Attention_T2B,high,"Passion Point is +3.0pp globally on Attention, but -3.2pp in Market=Australia. Reversal — drill into Market split before briefing."
4a6d26e1,Heterogeneity,passion_point,Market,Egypt,Attention_T2B,medium,"Passion Point is +3.0pp globally on Attention, but -1.7pp in Market=Egypt. Reversal — drill into Market split before briefing."
e20eaed0,Heterogeneity,passion_point,Market,Norway,Attention_T2B,medium,"Passion Point is +3.0pp globally on Attention, but -2.8pp in Market=Norway. Reversal — drill into Market split before briefing."
e1610819,Heterogeneity,passion_point,Market,Australia,Persuasion_T2B,medium,"Passion Point is +2.7pp globally on Persuasion, but -2.4pp in Market=Australia. Reversal — drill into Market split before briefing."
eacb8ef7,Heterogeneity,passion_point,Market,Egypt,Persuasion_T2B,medium,"Passion Point is +2.7pp globally on Persuasion, but -1.5pp in Market=Egypt. Reversal — drill into Market split before briefing."
c275f1de,Heterogeneity,passion_point,Market,Australia,Likeability_Love_Like_T2B,medium,"Passion Point is +3.4pp globally on Likeability, but -1.8pp in Market=Australia. Reversal — drill into Market split before briefing."
44ebee8e,Heterogeneity,passion_point,Market,Kazakhstan,Likeability_Love_Like_T2B,medium,"Passion Point is +3.4pp globally on Likeability, but -2.0pp in Market=Kazakhstan. Reversal — drill into Market split before briefing."
6886f49b,Heterogeneity,passion_point,Market,Norway,Likeability_Love_Like_T2B,medium,"Passion Point is +3.4pp globally on Likeability, but -1.8pp in Market=Norway. Reversal — drill into Market split before briefing."
efc91fae,Heterogeneity,passion_point,Market,Australia,SCD_score,high,"Passion Point is +2.3pp globally on SCD Score, but -15.3pp in Market=Australia. Reversal — drill into Market split before briefing."
a911b26d,Heterogeneity,passion_point,Market,Chile,SCD_score,medium,"Passion Point is +2.3pp globally on SCD Score, but -1.6pp in Market=Chile. Reversal — drill into Market split before briefing."
8ab547ce,Heterogeneity,passion_point,Market,Germany,SCD_score,high,"Passion Point is +2.3pp globally on SCD Score, but -6.5pp in Market=Germany. Reversal — drill into Market split before briefing."
116adffd,Heterogeneity,passion_point,Market,Egypt,SCD_score,high,"Passion Point is +2.3pp globally on SCD Score, but -4.5pp in Market=Egypt. Reversal — drill into Market split before briefing."
93c30b81,Heterogeneity,passion_point,Market,France,SCD_score,medium,"Passion Point is +2.3pp globally on SCD Score, but -2.6pp in Market=France. Reversal — drill into Market split before briefing."
d4daed57,Heterogeneity,passion_point,Market,Norway,SCD_score,medium,"Passion Point is +2.3pp globally on SCD Score, but -2.7pp in Market=Norway. Reversal — drill into Market split before briefing."
40fd2706,Heterogeneity,intrinsic_elements,Market,China,SCD_score,medium,"Intrinsic Elements is +2.3pp globally on SCD Score, but -2.1pp in Market=China. Reversal — drill into Market split before briefing."
70f70347,Heterogeneity,intrinsic_elements,Market,Nigeria,SCD_score,high,"Intrinsic Elements is +2.3pp globally on SCD Score, but -7.9pp in Market=Nigeria. Reversal — drill into Market split before briefing."
fad8d8c4,Heterogeneity,intrinsic_elements,Market,Pakistan,SCD_score,high,"Intrinsic Elements is +2.3pp globally on SCD Score, but -3.3pp in Market=Pakistan. Reversal — drill into Market split before briefing."
bac98740,Heterogeneity,intrinsic_elements,Market,Turkey,SCD_score,medium,"Intrinsic Elements is +2.3pp globally on SCD Score, but -2.1pp in Market=Turkey. Reversal — drill into Market split before briefing."
e080a63d,Heterogeneity,intrinsic_elements,Market,Vietnam,SCD_score,high,"Intrinsic Elements is +2.3pp globally on SCD Score, but -5.1pp in Market=Vietnam. Reversal — drill into Market split before briefing."
45c44de3,Heterogeneity,food,Market,Australia,Attention_T2B,medium,"Food is +1.8pp globally on Attention, but -2.5pp in Market=Australia. Reversal — drill into Market split before briefing."
752441a6,Heterogeneity,food,Market,Belgium,Attention_T2B,medium,"Food is +1.8pp globally on Attention, but -2.7pp in Market=Belgium. Reversal — drill into Market split before briefing."
87405ca7,Heterogeneity,food,Market,Australia,Persuasion_T2B,medium,"Food is +3.0pp globally on Persuasion, but -1.8pp in Market=Australia. Reversal — drill into Market split before briefing."
d433b446,Heterogeneity,food,Market,Belgium,Persuasion_T2B,medium,"Food is +3.0pp globally on Persuasion, but -2.0pp in Market=Belgium. Reversal — drill into Market split before briefing."
1a6b885c,Heterogeneity,food,Market,Australia,Likeability_Love_Like_T2B,medium,"Food is +3.0pp globally on Likeability, but -1.8pp in Market=Australia. Reversal — drill into Market split before briefing."
45406a09,Heterogeneity,food,Market,Kazakhstan,Likeability_Love_Like_T2B,medium,"Food is +3.0pp globally on Likeability, but -2.1pp in Market=Kazakhstan. Reversal — drill into Market split before briefing."
9d6cbadb,Heterogeneity,food,Market,Romania,Likeability_Love_Like_T2B,medium,"Food is +3.0pp globally on Likeability, but -1.6pp in Market=Romania. Reversal — drill into Market split before briefing."
6aa2b074,Heterogeneity,food,Market,Australia,SCD_score,high,"Food is +4.8pp globally on SCD Score, but -13.3pp in Market=Australia. Reversal — drill into Market split before briefing."
39a0ce3f,Heterogeneity,food,Market,Belgium,SCD_score,high,"Food is +4.8pp globally on SCD Score, but -11.1pp in Market=Belgium. Reversal — drill into Market split before briefing."
9d464d53,Heterogeneity,food,Market,Spain,SCD_score,high,"Food is +4.8pp globally on SCD Score, but -7.5pp in Market=Spain. Reversal — drill into Market split before briefing."
23e049ac,Heterogeneity,food,Market,Kazakhstan,SCD_score,high,"Food is +4.8pp globally on SCD Score, but -5.5pp in Market=Kazakhstan. Reversal — drill into Market split before briefing."
a65ed905,Heterogeneity,food,Market,Romania,SCD_score,high,"Food is +4.8pp globally on SCD Score, but -4.4pp in Market=Romania. Reversal — drill into Market split before briefing."
cf57173b,Heterogeneity,seasonal,Market,South Korea,Likeability_Love_Like_T2B,medium,"Seasonal is +2.8pp globally on Likeability, but -2.5pp in Market=South Korea. Reversal — drill into Market split before briefing."
d04c5eb2,Heterogeneity,additional_elements_and_product_placement,Market,Argentina,SCD_score,medium,"Additional Elements is -1.7pp globally on SCD Score, but +2.0pp in Market=Argentina. Reversal — drill into Market split before briefing."
f84867ca,Heterogeneity,additional_elements_and_product_placement,Market,Spain,SCD_score,high,"Additional Elements is -1.7pp globally on SCD Score, but +7.0pp in Market=Spain. Reversal — drill into Market split before briefing."
d155eb4c,Heterogeneity,additional_elements_and_product_placement,Market,France,SCD_score,high,"Additional Elements is -1.7pp globally on SCD Score, but +3.9pp in Market=France. Reversal — drill into Market split before briefing."
29dc6021,Heterogeneity,additional_elements_and_product_placement,Market,Italy,SCD_score,medium,"Additional Elements is -1.7pp globally on SCD Score, but +2.0pp in Market=Italy. Reversal — drill into Market split before briefing."
88f4c8bf,Heterogeneity,additional_elements_and_product_placement,Market,Kazakhstan,SCD_score,high,"Additional Elements is -1.7pp globally on SCD Score, but +26.0pp in Market=Kazakhstan. Reversal — drill into Market split before briefing."
3bfc4b19,Heterogeneity,additional_elements_and_product_placement,Market,Mexico,SCD_score,medium,"Additional Elements is -1.7pp globally on SCD Score, but +2.6pp in Market=Mexico. Reversal — drill into Market split before briefing."
92b1ffff,Heterogeneity,call_to_action,Market,Mexico,SCD_score,high,"Call To Action is -3.1pp globally on SCD Score, but +5.6pp in Market=Mexico. Reversal — drill into Market split before briefing."
cac0f0a9,Boundary Condition,human_presence,Global,Global,SCD_score,medium,"Human works differently by format on SCD Score: Video=+2.6pp, Print=-1.2pp. Check asset_type interaction before briefing."
d1e87ac9,Boundary Condition,product_presence,Global,Global,Attention_T2B,medium,"Product works differently by format on Attention: Video=+2.3pp, Print=-1.6pp. Check asset_type interaction before briefing."
4702734c,Boundary Condition,product_presence,Global,Global,Likeability_Love_Like_T2B,medium,"Product works differently by format on Likeability: Video=+2.6pp, Print=-0.4pp. Check asset_type interaction before briefing."
81cb35fc,Boundary Condition,product_presence,Global,Global,SCD_score,medium,"Product works differently by format on SCD Score: Video=+4.9pp, Print=-1.1pp. Check asset_type interaction before briefing."
0c80e58b,Boundary Condition,products,Global,Global,Attention_T2B,medium,"Products works differently by format on Attention: Video=+0.9pp, Print=-1.5pp. Check asset_type interaction before briefing."
6c5d3851,Boundary Condition,passion_point,Global,Global,Attention_T2B,medium,"Passion Point works differently by format on Attention: Video=+3.5pp, Print=-0.9pp. Check asset_type interaction before briefing."
7faa24c3,Boundary Condition,passion_point,Global,Global,Persuasion_T2B,medium,"Passion Point works differently by format on Persuasion: Video=+3.4pp, Print=-0.5pp. Check asset_type interaction before briefing."
4b685fa2,Boundary Condition,passion_point,Global,Global,Likeability_Love_Like_T2B,medium,"Passion Point works differently by format on Likeability: Video=+3.5pp, Print=-1.0pp. Check asset_type interaction before briefing."
92f06108,Boundary Condition,intrinsic_elements,Global,Global,Attention_T2B,medium,"Intrinsic Elements works differently by format on Attention: Video=+2.4pp, Print=-0.3pp. Check asset_type interaction before briefing."
ed532454,Boundary Condition,seasonal,Global,Global,Attention_T2B,medium,"Seasonal works differently by format on Attention: Video=+2.8pp, Print=-2.2pp. Check asset_type interaction before briefing."
8d281cea,Boundary Condition,seasonal,Global,Global,Persuasion_T2B,medium,"Seasonal works differently by format on Persuasion: Video=+0.3pp, Print=-5.6pp. Check asset_type interaction before briefing."
8121fbf2,Boundary Condition,seasonal,Global,Global,Likeability_Love_Like_T2B,medium,"Seasonal works differently by format on Likeability: Video=+3.5pp, Print=-2.5pp. Check asset_type interaction before briefing."
a5cbedc3,Boundary Condition,additional_elements_and_product_placement,Global,Global,Attention_T2B,medium,"Additional Elements works differently by format on Attention: Video=+0.9pp, Print=-4.9pp. Check asset_type interaction before briefing."
90789b9c,Boundary Condition,additional_elements_and_product_placement,Global,Global,Persuasion_T2B,medium,"Additional Elements works differently by format on Persuasion: Video=+0.6pp, Print=-6.9pp. Check asset_type interaction before briefing."
1b21ff77,Boundary Condition,additional_elements_and_product_placement,Global,Global,Likeability_Love_Like_T2B,medium,"Additional Elements works differently by format on Likeability: Video=+0.2pp, Print=-6.4pp. Check asset_type interaction before briefing."
07c37ea1,Boundary Condition,additional_elements_and_product_placement,Global,Global,SCD_score,medium,"Additional Elements works differently by format on SCD Score: Video=-3.1pp, Print=+2.7pp. Check asset_type interaction before briefing."
8737718b,Boundary Condition,music_style,Global,Global,Likeability_Love_Like_T2B,medium,"Music Style works differently by format on Likeability: Video=+3.5pp, Print=-2.3pp. Check asset_type interaction before briefing."
6b75eb16,Boundary Condition,music_style,Global,Global,SCD_score,medium,"Music Style works differently by format on SCD Score: Video=+4.5pp, Print=-0.3pp. Check asset_type interaction before briefing."
a74f2719,Boundary Condition,moments,Global,Global,Attention_T2B,medium,"Moments works differently by format on Attention: Video=-1.5pp, Print=+1.2pp. Check asset_type interaction before briefing."
4e603fb2,Boundary Condition,moments,Global,Global,Persuasion_T2B,medium,"Moments works differently by format on Persuasion: Video=-2.3pp, Print=+0.6pp. Check asset_type interaction before briefing."
b63f2ec6,Boundary Condition,moments,Global,Global,Likeability_Love_Like_T2B,medium,"Moments works differently by format on Likeability: Video=-3.0pp, Print=+1.9pp. Check asset_type interaction before briefing."
f327d5ae,Boundary Condition,call_to_action,Global,Global,Attention_T2B,medium,"Call To Action works differently by format on Attention: Video=+3.1pp, Print=-3.8pp. Check asset_type interaction before briefing."
8615afdd,Boundary Condition,call_to_action,Global,Global,Persuasion_T2B,medium,"Call To Action works differently by format on Persuasion: Video=+2.7pp, Print=-4.6pp. Check asset_type interaction before briefing."
2390ce6a,Boundary Condition,call_to_action,Global,Global,Likeability_Love_Like_T2B,medium,"Call To Action works differently by format on Likeability: Video=+1.0pp, Print=-4.3pp. Check asset_type interaction before briefing."
78b150d3,Opportunity,animals_and_pets_presence,Global,Global,Attention_T2B,medium,"Animals And Pets delivers +3.9pp on Attention (***), but only in 6% of assets. Untapped opportunity — test more assets with this feature."
c38276fc,Opportunity,animals_and_pets_presence,Global,Global,Likeability_Love_Like_T2B,high,"Animals And Pets delivers +5.8pp on Likeability (***), but only in 6% of assets. Untapped opportunity — test more assets with this feature."
9991ac42,Opportunity,animals_and_pets_presence,Global,Global,SCD_score,high,"Animals And Pets delivers +8.7pp on SCD Score (***), but only in 6% of assets. Untapped opportunity — test more assets with this feature."
1266aab3,Opportunity,outdoors,Global,Global,Attention_T2B,medium,"Outdoors delivers +3.3pp on Attention (***), but only in 16% of assets. Untapped opportunity — test more assets with this feature."
0f9b5e7a,Opportunity,outdoors,Global,Global,Likeability_Love_Like_T2B,high,"Outdoors delivers +4.2pp on Likeability (***), but only in 16% of assets. Untapped opportunity — test more assets with this feature."
a851f866,Opportunity,outdoors,Global,Global,SCD_score,high,"Outdoors delivers +7.1pp on SCD Score (***), but only in 16% of assets. Untapped opportunity — test more assets with this feature."
53dedc1d,Opportunity,occasions,Global,Global,Attention_T2B,medium,"Occasions delivers +2.2pp on Attention (***), but only in 17% of assets. Untapped opportunity — test more assets with this feature."
e519ad1f,Opportunity,occasions,Global,Global,Likeability_Love_Like_T2B,medium,"Occasions delivers +3.5pp on Likeability (***), but only in 17% of assets. Untapped opportunity — test more assets with this feature."
bbddc93a,Opportunity,occasions,Global,Global,SCD_score,high,"Occasions delivers +10.8pp on SCD Score (***), but only in 17% of assets. Untapped opportunity — test more assets with this feature."
18f95b01,Opportunity,seasonal,Global,Global,Attention_T2B,medium,"Seasonal delivers +2.1pp on Attention (*), but only in 8% of assets. Untapped opportunity — test more assets with this feature."
24ddacc3,Opportunity,seasonal,Global,Global,Likeability_Love_Like_T2B,medium,"Seasonal delivers +2.8pp on Likeability (**), but only in 8% of assets. Untapped opportunity — test more assets with this feature."
8cb10f72,Opportunity,seasonal,Global,Global,SCD_score,high,"Seasonal delivers +8.6pp on SCD Score (***), but only in 8% of assets. Untapped opportunity — test more assets with this feature."
729b7208,Opportunity,emotions,Global,Global,Attention_T2B,medium,"Emotions delivers +2.6pp on Attention (*), but only in 4% of assets. Untapped opportunity — test more assets with this feature."
b984643d,Opportunity,emotions,Global,Global,Persuasion_T2B,medium,"Emotions delivers +3.2pp on Persuasion (*), but only in 4% of assets. Untapped opportunity — test more assets with this feature."
25c72fe9,Opportunity,emotions,Global,Global,Likeability_Love_Like_T2B,medium,"Emotions delivers +3.6pp on Likeability (**), but only in 4% of assets. Untapped opportunity — test more assets with this feature."
9f95a833,Opportunity,music_style,Global,Global,Attention_T2B,medium,"Music Style delivers +3.8pp on Attention (**), but only in 3% of assets. Untapped opportunity — test more assets with this feature."
efd61ac3,Opportunity,music_style,Global,Global,Likeability_Love_Like_T2B,medium,"Music Style delivers +4.0pp on Likeability (**), but only in 3% of assets. Untapped opportunity — test more assets with this feature."
40a823fa,Outlier,human_presence,OU,GCM,SCD_score,medium,Human in OU=GCM scores +11.0pp — 2.0σ from peer average (+1.6pp). Compare to similar OUs.
b7ac09b9,Outlier,food_presence,OU,INSWA,SCD_score,medium,Food in OU=INSWA scores -6.3pp — 2.2σ from peer average (+4.3pp). Compare to similar OUs.
a7abaeeb,Outlier,product_presence,OU,GCM,SCD_score,medium,Product in OU=GCM scores +15.0pp — 2.2σ from peer average (+2.4pp). Compare to similar OUs.
48c49987,Outlier,indoors,OU,INSWA,Attention_T2B,medium,Indoors in OU=INSWA scores -0.9pp — 2.3σ from peer average (+1.6pp). Compare to similar OUs.
3dbcc19d,Outlier,indoors,OU,INSWA,Likeability_Love_Like_T2B,medium,Indoors in OU=INSWA scores +0.0pp — 2.4σ from peer average (+2.5pp). Compare to similar OUs.
b6ff9515,Outlier,outdoors,OU,INSWA,Likeability_Love_Like_T2B,medium,Outdoors in OU=INSWA scores -0.7pp — 2.1σ from peer average (+3.7pp). Compare to similar OUs.
0db27b64,Outlier,color_spectrum,OU,NAOU,Attention_T2B,medium,Color Spectrum in OU=NAOU scores +5.4pp — 2.1σ from peer average (+2.0pp). Compare to similar OUs.
6a201bd4,Outlier,color_spectrum,OU,INSWA,Likeability_Love_Like_T2B,medium,Color Spectrum in OU=INSWA scores -6.1pp — 2.2σ from peer average (+2.0pp). Compare to similar OUs.
fb744fdf,Outlier,tone,OU,JSK,Persuasion_T2B,medium,Tone in OU=JSK scores +3.9pp — 2.4σ from peer average (+0.3pp). Compare to similar OUs.
4ecf4834,Outlier,tone,OU,JSK,Likeability_Love_Like_T2B,medium,Tone in OU=JSK scores +5.4pp — 2.1σ from peer average (+1.8pp). Compare to similar OUs.
6bcc1d2d,Outlier,intrinsic_elements,OU,INSWA,Attention_T2B,medium,Intrinsic Elements in OU=INSWA scores -2.3pp — 2.2σ from peer average (+1.0pp). Compare to similar OUs.
7661eab1,Outlier,intrinsic_elements,OU,INSWA,Likeability_Love_Like_T2B,medium,Intrinsic Elements in OU=INSWA scores -3.1pp — 2.3σ from peer average (+1.8pp). Compare to similar OUs.
5471b292,Outlier,food,OU,INSWA,SCD_score,medium,Food in OU=INSWA scores -16.2pp — 2.4σ from peer average (+2.8pp). Compare to similar OUs.
7f9f21d4,Outlier,seasonal,OU,EME,Attention_T2B,medium,Seasonal in OU=EME scores -6.2pp — 2.0σ from peer average (+2.8pp). Compare to similar OUs.
ed05d83b,Outlier,additional_elements_and_product_placement,OU,JSK,Attention_T2B,medium,Additional Elements in OU=JSK scores -6.5pp — 2.1σ from peer average (-1.2pp). Compare to similar OUs.
fd3cc2c6,Outlier,additional_elements_and_product_placement,OU,JSK,Persuasion_T2B,medium,Additional Elements in OU=JSK scores -7.5pp — 2.1σ from peer average (-1.6pp). Compare to similar OUs.
63210df2,Outlier,additional_elements_and_product_placement,OU,JSK,SCD_score,medium,Additional Elements in OU=JSK scores -19.4pp — 2.0σ from peer average (-3.0pp). Compare to similar OUs.
161ebf23,Outlier,tone,Category,Alcoholic RTD,Attention_T2B,medium,Tone in Category=Alcoholic RTD scores -13.7pp — 2.1σ from peer average (-0.3pp). Compare to similar Categorys.
80c9ea75,Outlier,tone,Category,Alcoholic RTD,Persuasion_T2B,medium,Tone in Category=Alcoholic RTD scores -14.3pp — 2.1σ from peer average (-1.6pp). Compare to similar Categorys.
1da63b90,Outlier,tone,Category,Alcoholic RTD,Likeability_Love_Like_T2B,medium,Tone in Category=Alcoholic RTD scores -17.6pp — 2.1σ from peer average (-0.4pp). Compare to similar Categorys.
68358419,Outlier,intrinsic_elements,Category,Alcoholic RTD,Attention_T2B,medium,Intrinsic Elements in Category=Alcoholic RTD scores -7.5pp — 2.1σ from peer average (+0.8pp). Compare to similar Categorys.
a484e43e,Outlier,intrinsic_elements,Category,Alcoholic RTD,Likeability_Love_Like_T2B,medium,Intrinsic Elements in Category=Alcoholic RTD scores -10.6pp — 2.1σ from peer average (+0.6pp). Compare to similar Categorys.
8374b8ae,Consensus,animals_and_pets_presence,Global,Global,All metrics,low,"Animals And Pets is positive across all 3 metrics: Attention +3.9pp, Persuasion +1.4pp, Likeability +5.8pp. Safe to brief — no trade-offs detected."
07cb7b3e,Consensus,color_spectrum,Global,Global,All metrics,low,"Color Spectrum is positive across all 3 metrics: Attention +2.8pp, Persuasion +2.8pp, Likeability +3.8pp. Safe to brief — no trade-offs detected."
360b0771,Consensus,emotions,Global,Global,All metrics,low,"Emotions is positive across all 3 metrics: Attention +2.6pp, Persuasion +3.2pp, Likeability +3.6pp. Safe to brief — no trade-offs detected."
60bff3d6,Consensus,food,Global,Global,All metrics,low,"Food is positive across all 3 metrics: Attention +1.8pp, Persuasion +3.0pp, Likeability +3.0pp. Safe to brief — no trade-offs detected."
7622b8aa,Consensus,food_presence,Global,Global,All metrics,low,"Food is positive across all 3 metrics: Attention +2.3pp, Persuasion +3.8pp, Likeability +4.0pp. Safe to brief — no trade-offs detected."
338aa94f,Consensus,graphic_design_style,Global,Global,All metrics,low,"Graphic Design Style is positive across all 3 metrics: Attention +1.3pp, Persuasion +0.0pp, Likeability +1.5pp. Safe to brief — no trade-offs detected."
dddb6a27,Consensus,human_presence,Global,Global,All metrics,low,"Human is positive across all 3 metrics: Attention +1.2pp, Persuasion +1.4pp, Likeability +2.2pp. Safe to brief — no trade-offs detected."
e02724f5,Consensus,indoors,Global,Global,All metrics,low,"Indoors is positive across all 3 metrics: Attention +3.5pp, Persuasion +3.2pp, Likeability +4.4pp. Safe to brief — no trade-offs detected."
d9887453,Consensus,intrinsic_elements,Global,Global,All metrics,low,"Intrinsic Elements is positive across all 3 metrics: Attention +2.1pp, Persuasion +3.2pp, Likeability +3.1pp. Safe to brief — no trade-offs detected."
6e032742,Consensus,music_style,Global,Global,All metrics,low,"Music Style is positive across all 3 metrics: Attention +3.8pp, Persuasion +1.2pp, Likeability +4.0pp. Safe to brief — no trade-offs detected."
6c690c26,Consensus,outdoors,Global,Global,All metrics,low,"Outdoors is positive across all 3 metrics: Attention +3.3pp, Persuasion +1.8pp, Likeability +4.2pp. Safe to brief — no trade-offs detected."
ef5bec72,Consensus,passion_point,Global,Global,All metrics,low,"Passion Point is positive across all 3 metrics: Attention +3.0pp, Persuasion +2.7pp, Likeability +3.4pp. Safe to brief — no trade-offs detected."
09083864,Consensus,product_presence,Global,Global,All metrics,low,"Product is positive across all 3 metrics: Attention +1.0pp, Persuasion +2.0pp, Likeability +1.9pp. Safe to brief — no trade-offs detected."
df09125e,Consensus,products,Global,Global,All metrics,low,"Products is positive across all 3 metrics: Attention +0.4pp, Persuasion +2.0pp, Likeability +1.6pp. Safe to brief — no trade-offs detected."
b216b1cd,Consensus,tone,Global,Global,All metrics,low,"Tone is positive across all 3 metrics: Attention +2.9pp, Persuasion +1.9pp, Likeability +3.3pp. Safe to brief — no trade-offs detected."
8f66a7c8,Anti-pattern,animatics_cartoons_presence,Global,Global,All metrics,high,"Animatics Cartoons is negative across all 3 metrics in Global=Global: Att -5.1pp, Pers -4.4pp, Like -3.3pp. Brief AGAINST this feature in this context."
4a219c64,Anti-pattern,moments,OU,ASP,All metrics,high,"Moments is negative across all 3 metrics in OU=ASP: Att -8.3pp, Pers -10.0pp, Like -11.8pp. Brief AGAINST this feature in this context."
54fc2111,Anti-pattern,additional_elements_and_product_placement,OU,JSK,All metrics,high,"Additional Elements is negative across all 3 metrics in OU=JSK: Att -6.5pp, Pers -7.5pp, Like -9.5pp. Brief AGAINST this feature in this context."
5af68c86,Anti-pattern,animatics_cartoons_presence,OU,JSK,All metrics,high,"Animatics Cartoons is negative across all 3 metrics in OU=JSK: Att -2.7pp, Pers -4.3pp, Like -2.6pp. Brief AGAINST this feature in this context."
9ebda18a,Anti-pattern,product_presence,OU,JSK,All metrics,medium,"Product is negative across all 3 metrics in OU=JSK: Att -2.9pp, Pers -1.6pp, Like -2.1pp. Brief AGAINST this feature in this context."
15cd5229,Anti-pattern,additional_elements_and_product_placement,OU,EME,All metrics,high,"Additional Elements is negative across all 3 metrics in OU=EME: Att -2.6pp, Pers -2.8pp, Like -3.9pp. Brief AGAINST this feature in this context."
0b3aa8e6,Anti-pattern,seasonal,OU,EME,All metrics,high,"Seasonal is negative across all 3 metrics in OU=EME: Att -6.2pp, Pers -6.1pp, Like -3.9pp. Brief AGAINST this feature in this context."
3a713d32,Anti-pattern,fashion_style,Category,SSD-Regular,All metrics,high,"Fashion Style is negative across all 3 metrics in Category=SSD-Regular: Att -8.8pp, Pers -3.5pp, Like -8.9pp. Brief AGAINST this feature in this context."
874b6b8c,Anti-pattern,moments,Category,SSD-Regular,All metrics,medium,"Moments is negative across all 3 metrics in Category=SSD-Regular: Att -1.1pp, Pers -1.3pp, Like -1.7pp. Brief AGAINST this feature in this context."
a6154b0e,Anti-pattern,additional_elements_and_product_placement,Category,SSD-Diet,All metrics,high,"Additional Elements is negative across all 3 metrics in Category=SSD-Diet: Att -6.7pp, Pers -6.8pp, Like -7.0pp. Brief AGAINST this feature in this context."
e15ab954,Anti-pattern,call_to_action,Category,SSD-Diet,All metrics,high,"Call To Action is negative across all 3 metrics in Category=SSD-Diet: Att -8.5pp, Pers -8.4pp, Like -11.1pp. Brief AGAINST this feature in this context."
e7bafbbf,Anti-pattern,seasonal,Category,SSD-Diet,All metrics,high,"Seasonal is negative across all 3 metrics in Category=SSD-Diet: Att -2.9pp, Pers -3.0pp, Like -1.1pp. Brief AGAINST this feature in this context."
b8cf4f6f,Anti-pattern,outdoors,Category,Water,All metrics,high,"Outdoors is negative across all 3 metrics in Category=Water: Att -3.6pp, Pers -6.4pp, Like -3.3pp. Brief AGAINST this feature in this context."
f1691406,Anti-pattern,human_presence,Category,RTD Tea / Iced Tea,All metrics,high,"Human is negative across all 3 metrics in Category=RTD Tea / Iced Tea: Att -3.4pp, Pers -2.9pp, Like -1.4pp. Brief AGAINST this feature in this context."
3188a5ca,Anti-pattern,occasions,Category,RTD Tea / Iced Tea,All metrics,high,"Occasions is negative across all 3 metrics in Category=RTD Tea / Iced Tea: Att -4.2pp, Pers -4.3pp, Like -2.8pp. Brief AGAINST this feature in this context."
3965cce6,Anti-pattern,passion_point,Category,RTD Tea / Iced Tea,All metrics,high,"Passion Point is negative across all 3 metrics in Category=RTD Tea / Iced Tea: Att -3.5pp, Pers -2.8pp, Like -2.9pp. Brief AGAINST this feature in this context."
e254bb20,Anti-pattern,products,Category,RTD Tea / Iced Tea,All metrics,high,"Products is negative across all 3 metrics in Category=RTD Tea / Iced Tea: Att -7.8pp, Pers -4.5pp, Like -6.1pp. Brief AGAINST this feature in this context."
dfab029d,Anti-pattern,human_presence,Category,Alcoholic RTD,All metrics,high,"Human is negative across all 3 metrics in Category=Alcoholic RTD: Att -8.5pp, Pers -7.6pp, Like -7.9pp. Brief AGAINST this feature in this context."
1f89bdf6,Anti-pattern,intrinsic_elements,Category,Alcoholic RTD,All metrics,high,"Intrinsic Elements is negative across all 3 metrics in Category=Alcoholic RTD: Att -7.5pp, Pers -6.6pp, Like -10.6pp. Brief AGAINST this feature in this context."
0fb82bd9,Anti-pattern,tone,Category,Alcoholic RTD,All metrics,high,"Tone is negative across all 3 metrics in Category=Alcoholic RTD: Att -13.7pp, Pers -14.3pp, Like -17.6pp. Brief AGAINST this feature in this context."
